iteration;avg_executed;avg_worst;avg_average;avg_best
0;111.21436903898133;111.21436903898133;111.21436903898133;111.21436903898133
