iteration;avg_executed;avg_worst;avg_average;avg_best
0;109.72991816158304;109.72991816158304;109.72991816158304;109.72991816158304
