iteration;avg_executed;avg_worst;avg_average;avg_best
0;131.5905311979347;131.5905311979347;131.5905311979347;131.5905311979347
