iteration;avg_executed;avg_worst;avg_average;avg_best
0;133.31311394831053;133.31311394831053;133.31311394831053;133.31311394831053
